x1,x2,x3,x4,y
1991.496154,1628.75,1678.1,1772.8,2443.6
1991.503846,1606.51,1678.6,1718,2448.2
1991.511538,1618.16,1686.6,1723.1,2484.7
1991.519231,1630.75,1682.9,1734.5,2487.9
1991.526923,1635.47,1697.5,1754,2510.5
1991.534615,1647.84,1723.8,1759.8,2532.5
1991.542308,1629.93,1727.4,1758.1,2561
1991.5545,1624.74,1734,1763.5,2541.5
1991.557692,1631.99,1737.1,1768.9,2587.9
1991.565385,1613.42,1723.6,1780.1,2579.6
1991.573077,1605.75,1721.2,1757.9,2595
1991.580769,1619.29,1727.2,1754.7,2588.8
1991.588462,1619.67,1731.6,1766.5,2601.7
1991.596154,1613.98,1716.9,1759.5,2573.3
1991.603846,1630.37,1723,1789.5,2600.6
1991.611538,1626.55,1722.1,1780.4,2569.4
1991.619231,1650.06,1733.6,1820.3,2608.8
1991.626923,1653.6,1726.2,1820.3,2621
1991.634615,1524.28,1630.6,1725.6,2554.5
1991.642308,1622.49,1701.3,1819.1,2623
1991.6578,1652.1,1726.2,1853.4,2640.7
1991.657692,1650.36,1725.8,1851.8,2624.2
1991.665385,1649.88,1736.6,1864.3,2645.7
1991.673077,1657.51,1731.2,1873.2,2669
1991.680769,1649.09,1727.8,1868.7,2663.3
1991.688462,1638.65,1715.4,1855.9,2653.2
1991.696154,1628.64,1713,1842.6,2626.6
1991.703846,1633.65,1718,1876.2,2625.8
1991.711538,1635.8,1701.7,1878.4,2594.4
1991.719231,1624.7,1687.2,1880.4,2588.7
1991.726923,1618.12,1684.3,1888.4,2579.5
1991.734615,1625.79,1672.9,1877.9,2597.8
1991.742308,1612.8,1669.3,1883.8,2599
1991.7586,1609.32,1672.3,1887.4,2645.6
1991.757692,1607.48,1686.8,1867.1,2625.6
1991.765385,1589.12,1675.8,1843.6,2596.2
1991.773077,1567.99,1673.2,1843.4,2584.1
1991.780769,1569.71,1671.3,1833.8,2555
1991.788462,1585.41,1676.2,1856.9,2576.7
1991.796154,1561.89,1696.5,1855.5,2588.7
1991.803846,1570.34,1713.3,1846,2575.7
1991.811538,1590.29,1711.3,1830.4,2561.1
1991.819231,1572.07,1688.6,1834.8,2514.7
1991.826923,1588.73,1700,1849.8,2553.3
1991.834615,1579.77,1683.9,1856.7,2566
1991.842308,1568.09,1673.9,1841.5,2527.8
1991.85,1573.94,1688.4,1836.1,2534.2
1991.857692,1610.18,1720.9,1857.6,2559
1991.865385,1623.84,1733.6,1858.4,2575.5
1991.873077,1627.08,1735.6,1868.5,2561.6
1991.880769,1605.7,1699.3,1808.3,2502.9
1991.888462,1589.7,1675.5,1763.5,2472.6
1991.896154,1599.75,1652.2,1741.3,2446.3
1991.903846,1603.5,1654.9,1769,2471.5
1991.911538,1587.92,1638.7,1754.9,2428.6
1991.919231,1549.81,1596.1,1708.8,2414.9
1991.926923,1554.65,1625,1713.9,2423.8
1991.934615,1555.31,1606.6,1685.7,2388.7
1991.942308,1548.44,1603.1,1636.9,2392
1991.9534,1550.21,1605.2,1671.6,2423.3
1991.957692,1551.78,1622.5,1696.8,2440.8
1991.965385,1570.28,1627.4,1706.2,2413.6
1991.973077,1545.87,1602.3,1648.5,2358.1
1991.980769,1542.77,1627,1699.1,2384.4
1991.988462,1542.77,1627,1722.5,2384.4
1991.996154,1577.26,1670.1,1741.9,2420
1992.003846,1577.26,1670.1,1765.7,2493.1
1992.011538,1604.05,1704,1770.3,2504.1
1992.019231,1593.65,1700.5,1778.7,2482.9
1992.026923,1599.14,1715.4,1833.9,2497.9
1992.034615,1620.45,1719.4,1824.3,2490.1
1992.042308,1663.7,1772.8,1873.6,2537.1
1992.0578,1669.29,1747.2,1860.2,2536.7
1992.057692,1687.07,1755.3,1867.9,2543.4
1992.065385,1671.84,1751.2,1838.7,2525.3
1992.073077,1686.71,1769.4,1869.3,2539.9
1992.080769,1671.01,1750,1879.6,2546.5
1992.088462,1685.7,1753.5,1875.3,2571.2
1992.096154,1678.77,1752.9,1856.5,2556.8
1992.103846,1683.71,1776.8,1860.6,2534.3
1992.111538,1683.73,1785.1,1865.6,2538.4
1992.119231,1685.03,1794.1,1861.6,2523.7
1992.126923,1676.17,1780.4,1865.1,2513.9
1992.134615,1696.55,1794.2,1912.2,2555.9
1992.142308,1711.35,1800.1,1951.2,2543.4
1992.1578,1729.86,1816.2,1976.5,2559.7
1992.157692,1743.36,1821.9,1981.3,2565
1992.165385,1746.76,1840.6,1983.4,2562.1
1992.173077,1763.86,1846.3,1983.8,2565.4
1992.180769,1762.29,1839,1973,2538.3
1992.188462,1753.5,1815.2,1976.3,2550.7
1992.196154,1739.88,1807.1,1968,2522.4
1992.203846,1734.42,1806.2,1947.1,2476
1992.211538,1732.92,1818.2,1943.6,2491.2
1992.219231,1725.74,1833.3,1922,2467.6
1992.226923,1714.17,1818.2,1884.6,2441
1992.234615,1719.06,1830.1,1928.3,2464.9
1992.242308,1698.84,1828.7,1923.5,2447.9
1992.25,1718.35,1837.2,1942.4,2440.1
1992.257692,1723.37,1838,1942,2405.4
1992.265385,1738.78,1843.1,1974.8,2400.9
1992.273077,1714.77,1827.1,1907.5,2393.2
1992.280769,1733.77,1848,1974.1,2572.6
1992.288462,1734.46,1853.8,1972.3,2600.5
1992.296154,1746.88,1871.3,1978.2,2638.6
1992.303846,1746.88,1871.3,1978.2,2638.6
1992.311538,1753.1,1874.7,1983.7,2607.8
1992.319231,1745.72,1874.7,1984.9,2643
1992.326923,1731.68,1859.5,2006.6,2651
1992.334615,1728.09,1880.1,2031.1,2654.1
1992.342308,1731.29,1907.7,2041.6,2659.8
1992.35,1745.78,1937.3,2047.2,2698.7
1992.357692,1748.13,1949.1,2063.4,2725.7
1992.365385,1747.91,1950.8,2063.6,2722.4
1992.373077,1735.34,1945,2017,2694.7
1992.380769,1763.59,1939.1,2051.6,2703.6
1992.388462,1785.4,1933.4,2030.8,2711.9
1992.396154,1804.42,1931.7,2045.1,2715
1992.403846,1799.51,1924.5,2029.6,2704.6
1992.411538,1792.8,1914.2,2014.1,2694.2
1992.419231,1798.23,1923.3,2017.4,2697.6
1992.426923,1786.19,1915.2,1992.6,2680.9
1992.434615,1789.05,1913.8,1981.6,2668.5
1992.442308,1784.71,1899.7,1962.2,2635.4
1992.45,1779.74,1868.8,1928.8,2614.1
1992.457692,1773.25,1865.7,1918.1,2593.6
1992.465385,1773.75,1873.1,1908.8,2598.4
1992.473077,1776.34,1869.3,1913.9,2584.8
1992.480769,1772.39,1847.1,1895.8,2560.6
1992.488462,1764.35,1845.8,1920.3,2557.3
1992.496154,1755.98,1846.6,1907.3,2515.8
1992.503846,1759.9,1845.3,1880.9,2493.9
1992.511538,1776.5,1870.5,1883.6,2497.1
1992.519231,1766.98,1856.6,1879.1,2493.7
1992.526923,1760.17,1846.7,1861.8,2497.9
1992.534615,1731.44,1841.8,1859.4,2478.3
1992.542308,1733.84,1844.4,1853.3,2486.4
1992.55,1699.46,1805.6,1801.8,2431.9
1992.557692,1654.09,1786.1,1762.7,2415.6
1992.565385,1622.81,1762.8,1734.6,2399.5
1992.573077,1617.78,1761.9,1755.4,2348
1992.580769,1637.62,1812.7,1801.6,2423.2
1992.588462,1608.49,1798.1,1754.7,2399.6
1992.596154,1609.61,1805.4,1787.6,2407.5
1992.603846,1618.07,1819.6,1793.8,2377.6
1992.611538,1578.95,1799.9,1755.2,2325.7
1992.619231,1547.87,1793.3,1730.1,2303.1
1992.626923,1560.16,1791.7,1753.5,2356.8
1992.634615,1531.87,1788.6,1736.7,2354.7
1992.642308,1509.03,1753.5,1724.2,2359.4
1992.65,1484.97,1727.9,1689.7,2311.1
1992.657692,1475.11,1704.6,1667.8,2285
1992.665385,1519.69,1745.7,1687.5,2312.6
1992.673077,1516.44,1747.3,1674.2,2298.4
1992.680769,1543.89,1774.2,1780.5,2381.9
1992.688462,1538.66,1788.3,1779.3,2372.2
1992.696154,1523.83,1779.1,1756.8,2327.5
1992.703846,1530.2,1812,1802,2370.9
1992.711538,1580.29,1851.4,1836.2,2370
1992.719231,1579.47,1889.6,1852.7,2483.9
1992.726923,1566,1888.8,1826.1,2560.1
1992.734615,1542.74,1913.4,1828.9,2580.5
1992.742308,1510.66,1910.8,1843.5,2601
1992.75,1483.83,1880.2,1731.9,2565.5
1992.757692,1484.78,1885.2,1724,2572.3
1992.765385,1402.34,1788,1611,2446.3
1992.773077,1434.61,1858.2,1654.2,2517.1
1992.780769,1437.65,1878.4,1657.3,2541.2
1992.788462,1471.64,1893.2,1685.1,2584.7
1992.796154,1453.79,1877.3,1650,2546.6
1992.803846,1479.59,1904.7,1679.1,2562.2
1992.811538,1496.54,1908.5,1722.2,2645.7
1992.819231,1528.86,1921.1,1766.4,2669.7
1992.826923,1536.6,1927.8,1774.5,2669.8
1992.834615,1493.54,1905.9,1730.9,2642.3
1992.842308,1482.44,1921.6,1742.4,2687.8
1992.85,1470.57,1942,1804.1,2691.7
1992.857692,1487.71,1955.7,1793.6,2702.7
1992.865385,1515.27,1962.3,1798.5,2714.6
1992.873077,1542.28,1950.2,1821.5,2726.4
1992.880769,1542.48,1913.4,1772.7,2679.6
1992.888462,1550.27,1882.8,1759.2,2704
1992.896154,1547.84,1897.9,1724.2,2732.4
1992.903846,1526.68,1880.1,1720.6,2727.1
1992.911538,1523.02,1891.4,1739.7,2741.8
1992.919231,1545.12,1931.2,1771.4,2778.8
1992.926923,1528.12,1924.3,1783.3,2764.1
1992.934615,1526.25,1935,1781.7,2759.4
1992.942308,1506.65,1962.2,1765.9,2769.8
1992.95,1480.65,1987.7,1769.5,2726.5
1992.957692,1478.07,2015.7,1738.3,2721.8
1992.965385,1477.55,2023.9,1736.7,2732.8
1992.973077,1495.6,2044.9,1760.1,2789.7
1992.980769,1520.93,2057.3,1824.4,2842
1992.988462,1527.06,2061.7,1854.6,2827.5
1992.996154,1547.51,2092.3,1857.5,2827.5
1993.003846,1538.43,2105.4,1858.8,2832.5
1993.011538,1538.43,2105.4,1857.8,2846.5
1993.019231,1554.03,2128.2,1850.8,2833.6
1993.026923,1538.37,2079.9,1844.5,2816.5
1993.034615,1522.26,2046.4,1814.6,2773.4
1993.042308,1510.18,2076.7,1782.5,2745.3
1993.05,1555.52,2101.3,1827.1,2765.1
1993.057692,1572.61,2063.9,1837.7,2737.6
1993.065385,1580.64,2089.9,1812.2,2773.3
1993.073077,1571.28,2086,1779.9,2771.9
1993.080769,1561.78,2064.1,1777.4,2832.5
1993.088462,1574.04,2091,1772.2,2807.2
1993.096154,1584.14,2120.4,1787.3,2834.4
1993.103846,1615.98,2123.7,1854.4,2865.9
1993.111538,1646.85,2137,1904.7,2870
1993.119231,1642.8,2121.4,1893.3,2816.4
1993.126923,1649.64,2135.5,1912,2843
1993.134615,1651.6,2131,1878.2,2812.2
1993.142308,1670.9,2131.3,1926.5,2837.7
1993.15,1679.41,2096.1,1959.2,2838.3
1993.157692,1652.92,2065.7,1953.4,2817
1993.165385,1680.02,2100.6,1983.7,2868
1993.173077,1701.46,2130.9,2001.5,2882.3
1993.180769,1685.46,2139.5,1986.8,2904.8
1993.188462,1702.27,2132.2,2004.3,2957.3
1993.196154,1714.48,2157,1992.4,2956.7
1993.203846,1688.74,2127.2,1965.2,2915.9
1993.211538,1700.28,2150.8,1975.3,2919.3
1993.219231,1696.38,2154.7,1963.5,2883.3
1993.226923,1656.59,2161.3,1939.3,2863.9
1993.234615,1666.72,2146.8,1954.6,2860.6
1993.242308,1667.26,2160.9,2025.8,2852.9
1993.25,1686.64,2188.9,2035.9,2861
1993.257692,1670.04,2188.4,2005.9,2878.4
1993.265385,1658.36,2184,1974.7,2838.8
1993.273077,1654.6,2184.9,1984,2822.1
1993.280769,1658.13,2188.3,1986.9,2821.8
1993.288462,1671.54,2181.7,2018.1,2846.8
1993.296154,1674.67,2160.5,1988.6,2839.7
1993.303846,1687.14,2166.3,1968.9,2830
1993.311538,1666.49,2178.1,1931.9,2869.6
1993.319231,1656.03,2162.3,1916.6,2843.8
1993.326923,1636.59,2124.7,1927.4,2832.7
1993.334615,1618.6,2123.2,1920.6,2786.8
1993.342308,1632,2152.8,1937,2813.1
1993.35,1628.88,2165.8,1926.3,2796.5
1993.357692,1607.7,2162.6,1878.6,2793.7
1993.365385,1613.46,2191.1,1854.5,2836.1
1993.373077,1636.02,2183.3,1879.9,2849.3
1993.380769,1630.37,2205.2,1835.7,2858.1
1993.388462,1606.64,2227,1836.8,2819.7
1993.396154,1613.98,2232.9,1836.8,2812.2
1993.403846,1623.05,2243.5,1891.1,2837.7
1993.411538,1633.18,2267.1,1904.6,2855.3
1993.419231,1627.21,2271.6,1888.7,2840.7
1993.426923,1628.53,2259.8,1875.8,2863
1993.434615,1638.47,2284.2,1859.7,2829.9
1993.442308,1662.28,2294.5,1893.7,2844.4
1993.45,1679.69,2309.2,1911.2,2860
1993.457692,1686.44,2293.8,1916.8,2885.5
1993.465385,1689.93,2294.6,1918.8,2883
1993.473077,1687.14,2318,1910.3,2879.4
1993.480769,1698.33,2335,1935.3,2907.6
1993.488462,1692.16,2335.8,1963.3,2894.7
1993.496154,1712.33,2369.8,1991,2897
1993.503846,1700.93,2376.2,1971.9,2900
1993.511538,1697.39,2368.8,1941.2,2857.7
1993.519231,1705.66,2390.9,1935.1,2848.1
1993.526923,1798.63,2397.1,1980.4,2845.9
1993.534615,1808.74,2408.7,1992.2,2830.9
1993.542308,1815.63,2410.5,1991.2,2832.3
1993.55,1829.36,2396.4,1974.9,2833
1993.557692,1826.45,2324.5,1968.4,2823.9
1993.565385,1828.53,2340.2,1965.7,2820.1
1993.573077,1859.49,2388.7,2006.2,2844.2
1993.580769,1832.2,2408.7,1989.5,2884.2
1993.588462,1823.07,2400.9,2085.9,2926.5
1993.596154,1857.36,2429.8,2110.6,2945
1993.603846,1870.8,2424.9,2115.3,2943.4
1993.611538,1870.24,2420.5,2138.5,2986.4
1993.619231,1894.56,2411.1,2167.4,3006.1
1993.626923,1917.69,2461,2148,3010.1
1993.634615,1918.75,2464.9,2136.3,3025
1993.642308,1937.77,2480.6,2139.2,3065.5
1993.65,1893.48,2467.3,2111.4,3042
1993.657692,1915.59,2499.7,2159.3,3079.2
1993.665385,1909.54,2478.6,2183.9,3100.6
1993.673077,1931.88,2488.5,2216.5,3100
1993.680769,1928.63,2463.8,2185.1,3072.6
1993.688462,1911.15,2392.5,2158,3055.4
1993.696154,1870.32,2397.9,2129.4,3035.4
1993.703846,1868.28,2363.6,2108.4,3037
1993.711538,1869.25,2388.3,2134.1,3028
1993.719231,1862.62,2374.4,2075.6,3003.9
1993.726923,1922.69,2418.4,2107.4,3004.5
1993.734615,1899.54,2414.6,2080,3007.5
1993.742308,1890.18,2445.9,2092.6,3005.2
1993.75,1915.61,2478.3,2120,3036.9
1993.757692,1910.23,2473.1,2114.6,3037.5
1993.765385,1934.99,2490.3,2128.7,3067.7
1993.773077,1994.09,2534.8,2164.5,3100.8
1993.780769,2015.71,2533.6,2156.4,3108.6
1993.788462,2004.11,2552.5,2126.9,3094.7
1993.796154,1995.35,2586.4,2113.9,3086.3
1993.803846,2032.25,2663.6,2145,3137.6
1993.811538,2029.87,2668.4,2149.7,3156.3
1993.819231,2083.62,2701.4,2231.9,3199
1993.826923,2048.75,2700.2,2210.4,3165.3
1993.834615,2053.66,2720.9,2196,3163
1993.842308,2068.51,2727.1,2182,3164.4
1993.85,2086.22,2749.9,2171.2,3162.3
1993.857692,2013.65,2654.2,2081,3085.6
1993.865385,2040.74,2727.1,2112.9,3096
1993.873077,2021.81,2720.1,2087.3,3099.7
1993.880769,2047.2,2717.4,2117.9,3093.3
1993.888462,2070.17,2711.1,2148,3120
1993.896154,2072.13,2733.9,2145.2,3108
1993.903846,2027.99,2702.1,2071.5,3069.3
1993.911538,2057.8,2726.8,2118.4,3093.1
1993.919231,2052.09,2738.2,2119.3,3135.8
1993.926923,2089.77,2774.3,2154,3233.2
1993.934615,2128.3,2819,2188.4,3234.2
1993.942308,2127.39,2834.8,2176.1,3237.3
1993.95,2166.58,2858.4,2211.4,3271.6
1993.957692,2163.83,2876.9,2196.3,3254.6
1993.965385,2129.52,2850.6,2162.6,3278.8
1993.973077,2154.76,2889.5,2196.4,3337.1
1993.980769,2183.78,2918,2215.9,3342.4
1993.988462,2227.63,2967.4,2243,3396.5
1993.996154,2266.7,2972.6,2276.6,3412.3
1994.003846,2229.62,2934.2,2281.9,3462
1994.011538,2255.29,2957.6,2268.2,3418.4
1994.019231,2249.85,2999.2,2274.3,3408.5
1994.026923,2220.63,3021.9,2275.1,3403
1994.034615,2225,3015.9,2317.3,3440.6
1994.042308,2182.06,2999,2281.9,3372
1994.05,2151.05,2990.6,2262.3,3400.6
1994.057692,2130.35,3037.5,2247.4,3437
1994.065385,2098.36,3045.9,2257.8,3470
1994.073077,2107.29,3041.3,2274.5,3481.4
1994.080769,2128.66,3091.3,2282.4,3436.1
1994.088462,2156.61,3140.7,2313.2,3447.4
1994.096154,2181.88,3148.7,2331.3,3481.5
1994.103846,2137.08,3151.9,2322,3491.5
1994.111538,2095.11,3089.8,2287.1,3419.1
1994.119231,2116.43,3054.2,2302.1,3429.1
1994.126923,2108.77,3012.2,2275.1,3378.9
1994.134615,2130.71,2947.1,2258,3393.2
1994.142308,2162.29,3033.4,2281.2,3425.3
1994.15,2108.06,2997.6,2215.2,3350.3
1994.157692,2140.25,3027.5,2252,3341.9
1994.165385,2075.33,2929.3,2199,3281.2
1994.173077,2057.2,2847.4,2183.1,3270.6
1994.180769,2044.45,2803.4,2144.7,3246.5
1994.188462,2132.12,2918.7,2219.9,3305.9
1994.196154,2118.01,2858.5,2199.7,3246.7
1994.203846,2101.89,2831.6,2175,3191.9
1994.211538,2178.91,2906.9,2258.5,3267.4
1994.219231,2160.45,2887.7,2247.8,3255.7
1994.226923,2130.55,2804.3,2202.7,3198
1994.234615,2162.96,2857,2200.2,3155.3
1994.242308,2144,2831.8,2136.6,3129
1994.25,2162.82,2827.4,2123.4,3123.4
1994.257692,2142.88,2794.8,2081.9,3086.4
1994.265385,2142.88,2794.8,2081.9,3086.4
1994.273077,2184.89,2830.2,2128.2,3131.5
1994.280769,2203.18,2873.4,2114.8,3120.8
1994.288462,2211.19,2887.8,2148.6,3159.1
1994.296154,2198.24,2843.7,2139.1,3131.7
1994.303846,2218.37,2869.1,2160.1,3138.2
1994.311538,2194.09,2818.7,2102.7,3098.3
1994.319231,2218.13,2787.9,2135.2,3133.7
1994.326923,2241.36,2776.2,2130.9,3125.3
1994.334615,2237.82,2768.9,2150.3,3129.9
1994.342308,2266.72,2765.2,2186.2,3125.3
1994.35,2241.85,2705.6,2141.6,3070.5
1994.357692,2233.55,2641.4,2158.2,3106
1994.365385,2241.34,2629,2165,3136.3
1994.373077,2248.02,2633,2176.7,3137.8
1994.380769,2272.96,2709,2187.8,3115.6
1994.388462,2254.21,2740.6,2184,3116.5
1994.396154,2238.97,2732.7,2155.4,3127.3
1994.403846,2188.01,2692,2133.3,3089.1
1994.411538,2146,2689.2,2091.9,3019.7
1994.419231,2129.76,2742.9,2052.5,2966.4
1994.426923,2113.62,2731.5,1979.7,2931.9
1994.434615,2158.88,2728.4,2041.7,2997.8
1994.442308,2131.8,2778.1,2023.7,3004.8
1994.45,2131.14,2777.2,2028.4,3028.9
1994.457692,2084.42,2744.2,1977.7,3016.3
1994.465385,2073.21,2701.8,1966.4,3045.8
1994.473077,2031.8,2627.6,1936,3022.9
1994.480769,1957.08,2544.2,1890.8,2940.2
1994.488462,2032.52,2626.7,1939,2942.4
1994.496154,2000.48,2561.4,1911.6,2899.9
1994.503846,2042.45,2631.2,1936.3,2946.3
1994.511538,2040.69,2588.9,1872.9,2936.4
1994.519231,2034.64,2609.7,1878.7,2965
1994.526923,2049.1,2590.5,1920.8,2964.4
1994.534615,2069.46,2562.5,1949.8,2983.8
1994.542308,2051.25,2474.5,1974.6,3005.3
1994.55,2103.54,2514.9,1974.6,3074.8
1994.557692,2129.86,2521.6,2052.3,3091.3
1994.565385,2126.75,2579.4,2053.8,3095.1
1994.573077,2144.21,2601.2,2059.8,3106.1
1994.580769,2135.93,2544.9,2055.7,3082.3
1994.588462,2152.19,2579.5,2075,3082.6
1994.596154,2193.63,2629.7,2117.2,3157.5
1994.603846,2176.66,2615.3,2096.5,3150.5
1994.611538,2182.32,2617.5,2106.3,3171.9
1994.619231,2166.51,2591.4,2064.2,3167
1994.626923,2133.74,2580.5,2007,3142.3
1994.634615,2152.65,2588.7,2012.4,3147.3
1994.642308,2151.44,2582.7,2010.5,3182.6
1994.65,2113.37,2532.4,1972.6,3171.3
1994.657692,2132.98,2541.1,2006.3,3205.2
1994.665385,2190.58,2581.3,2062.7,3265.1
1994.673077,2205.82,2635.7,2060.4,3249.6
1994.680769,2185.78,2628.4,2034.9,3216.5
1994.688462,2173.6,2674.5,1998.2,3241.5
1994.696154,2167.68,2662.5,1964.2,3203.9
1994.703846,2155.58,2642.1,1948.8,3139.3
1994.711538,2157.15,2658.8,1969.4,3121.4
1994.719231,2129.36,2628.6,1977.3,3112.7
1994.726923,2100.55,2614.7,1922.9,3079.1
1994.734615,2067.17,2594,1897.2,3014.8
1994.742308,2097.33,2609.1,1927.4,3028.2
1994.75,2056.89,2581,1901.3,3008.5
1994.757692,2016.08,2558,1876.2,2992.5
1994.765385,2002.3,2499.5,1852.8,2983.5
1994.773077,1946.49,2480.4,1833.7,2956.3
1994.780769,1977.67,2496.9,1856.4,2998.7
1994.788462,2087.71,2570.2,1919,3073
1994.796154,2108.08,2593.3,1955.6,3141.9
1994.803846,2095.58,2575.6,1906.4,3120.2
1994.811538,2055.94,2529.8,1876.3,3060.8
1994.819231,2016.6,2508.6,1842.1,3032.8
1994.826923,1995.85,2494.7,1824.4,3000.9
1994.834615,2026.37,2458.6,1858.1,3029.6
1994.842308,2061.58,2506.5,1905.7,3097.4
1994.85,2039.91,2500,1873.6,3081.3
1994.857692,2069.39,2541,1931.7,3097.6
1994.865385,2056.36,2543.9,1921.5,3063.8
1994.873077,2098.04,2602.7,1948.4,3103.5
1994.880769,2091.04,2590.9,1941.1,3095.3
1994.888462,2112.21,2609.4,1950.2,3146.5
1994.896154,2089.48,2606.5,1926.5,3131
1994.903846,2073.29,2571.8,1911.4,3078.7
1994.911538,2058.79,2568.6,1934.7,3036.6
1994.919231,2050.82,2579.4,1952.4,3047.1
1994.926923,2057.08,2594.9,1975.9,3081.4
1994.934615,2042.38,2577.5,1982.7,3017.3
1994.942308,2046.99,2589.1,1969,3016.1
1994.95,2041.85,2589.3,1954.1,3013.8
1994.957692,2003.64,2562.8,1919.3,2943.4
1994.965385,2040.94,2581.4,1930.2,2980.6
1994.973077,2069.9,2604.7,1924.2,3013.6
1994.980769,2080.16,2614.7,1924.7,3058.1
1994.988462,2102.25,2649.8,1952.1,3091.7
1994.996154,2100.98,2651,1966.6,3083.4
1995.003846,2097.34,2656.2,1927.8,3095.8
1995.011538,2097.51,2628.8,1881.2,3065.5
1995.019231,2068.92,2612.3,1885.9,3065.7
1995.026923,2051.46,2613.1,1871.5,3032.3
1995.034615,2053.41,2617.3,1864.2,3055.8
1995.042308,2061.76,2597,1849.1,3049.4
1995.05,2064.14,2600.2,1854,3048.3
1995.057692,2081.39,2582.8,1856.9,3054
1995.065385,2079.6,2595.5,1837.1,3028.6
1995.073077,2013.03,2525.3,1772.8,2954.2
1995.080769,2026.97,2525.5,1802.5,2982.2
1995.088462,2030.56,2552.4,1814.1,3022.2
1995.096154,2024.82,2536.9,1797.9,2991.6
1995.103846,2038.46,2563.7,1816.1,3034.7
1995.111538,2085.08,2621.4,1872.1,3062
1995.119231,2087.78,2617.4,1850.9,3072.5
1995.126923,2127.56,2635.4,1869.4,3109.9
1995.134615,2128.33,2642.4,1856.1,3071.3
1995.142308,2112.06,2621,1835,3051.1
1995.15,2101.98,2597.2,1802.2,3018.6
1995.157692,2096.26,2610,1804.4,3019.5
1995.165385,2117.59,2623.3,1805.7,3037.7
1995.173077,2097.85,2600.4,1776.9,3009.3
1995.180769,2116.64,2617.2,1807.4,3038.2
1995.188462,2069.95,2553.2,1773.3,3001.9
1995.196154,2029.38,2515.8,1756.8,2992.1
1995.203846,2008.85,2467.7,1743.1,3021.1
1995.211538,2022.5,2463.3,1769,3050.6
1995.219231,2016.15,2491.7,1785.8,3094.1
1995.226923,1984.99,2516,1811.6,3124.2
1995.234615,1978.07,2501.9,1818,3139.7
1995.242308,1935.87,2526.6,1817.3,3153.4
1995.25,1911.7,2495.6,1837.2,3128.3
1995.257692,1949.76,2533.1,1893,3176.2
1995.265385,1934.96,2511.1,1864,3143.1
1995.273077,1972.59,2536.3,1872.9,3190.2
1995.280769,1978.71,2559.3,1900.4,3210.9
1995.288462,1979.26,2563.1,1869.3,3190.9
1995.296154,1982.99,2560.3,1881.1,3208.8
1995.303846,1982.99,2560.3,1881.1,3208.8
1995.311538,1943.88,2516.8,1874.9,3170.1
1995.319231,1987.7,2560.8,1928.4,3199.9
1995.326923,2007.57,2561.1,1945.9,3214.9
1995.334615,2024.25,2567,1931,3217.6
1995.342308,2017.95,2597.2,1918.5,3220.4
1995.35,2037.99,2618.6,1971.1,3262.6
1995.357692,2021.22,2650.5,1927.4,3251.7
1995.365385,2050.66,2655.6,1988.7,3261.2
1995.373077,2086.41,2701,2003.6,3317.9
1995.380769,2092,2739,1991.5,3310.7
1995.388462,2088.99,2739.8,2004.7,3297.4
1995.396154,2064.42,2701,1965.5,3261
1995.403846,2083.55,2750.4,1965.3,3291.8
1995.411538,2105.88,2778.5,1960.7,3328.2
1995.419231,2069.26,2762.5,1927.8,3311.1
1995.426923,2099.95,2786.4,1948,3319.4
1995.434615,2132.72,2805.3,1971.3,3345
1995.442308,2154.17,2809.7,1965.9,3380
1995.45,2137.21,2806.8,1951.2,3380.8
1995.457692,2127.79,2802.3,1907.8,3344.6
1995.465385,2124.84,2798.1,1893.7,3339.8
1995.473077,2125.06,2775.4,1905,3366.1
1995.480769,2140.36,2805.6,1896.1,3377.2
1995.488462,2144.88,2843.3,1925.2,3403.8
1995.496154,2137.36,2830.3,1902.4,3309.2
1995.503846,2091.3,2836.8,1865.5,3282.7
1995.511538,2089.04,2825.3,1858.8,3314.6
1995.519231,2110.13,2847.5,1889.4,3349.2
1995.526923,2111.35,2833.7,1889.5,3388.3
1995.534615,2184.39,2842.9,1949.4,3455
1995.542308,2200.32,2867.9,1961.7,3450.6
1995.55,2191.25,2863.4,1948.3,3429.2
1995.557692,2183.71,2875.1,1929,3420.7
1995.565385,2183.52,2822.2,1905.9,3400.4
1995.573077,2232.02,2836.6,1926.6,3431.6
1995.580769,2237.73,2827.1,1942.5,3454.3
1995.588462,2217.91,2833.1,1932.8,3468.9
1995.596154,2211.26,2826.8,1917.8,3449.9
1995.603846,2234.86,2814.3,1950.8,3475.6
1995.611538,2244.56,2800.6,1950.4,3483.5
1995.619231,2222.28,2781.3,1943.7,3468.3
1995.626923,2228.44,2820.1,1946.2,3467.5
1995.634615,2236.73,2838.4,1946.2,3444.4
1995.642308,2253.93,2880,1967.3,3470.6
1995.65,2269.6,2886.7,1984.4,3535.7
1995.657692,2262.66,2896.8,1957.4,3515.9
1995.665385,2257.34,2893.8,1937.8,3524.9
1995.673077,2230.27,2887.3,1899.5,3502.6
1995.680769,2234.23,2908.8,1883.4,3477.8
1995.688462,2263.08,2952.7,1900.5,3522.7
1995.696154,2266.37,2999.6,1884.8,3557.7
1995.703846,2266.77,2989.2,1854.9,3554.5
1995.711538,2266.07,2990.5,1873.6,3535.9
1995.719231,2300.29,3011.6,1892.4,3565.4
1995.726923,2289.49,3008.1,1871.7,3533.3
1995.734615,2294.15,3029,1863.8,3561.5
1995.742308,2204.44,2994.7,1790.7,3514.8
1995.75,2232.02,3045.5,1816.3,3523.3
1995.757692,2184.24,3000.6,1767.6,3479
1995.765385,2197.01,3039,1780.7,3520.2
1995.773077,2211.6,3036.5,1803.9,3544.1
1995.780769,2176.35,3054,1809.6,3526.5
1995.788462,2137.01,3050,1778,3460.1
1995.796154,2159.73,3083.7,1803.8,3523.8
1995.803846,2193.85,3116.3,1790.5,3557.3
1995.811538,2197.57,3135.4,1770.7,3593
1995.819231,2148.12,3120.4,1740.7,3551.4
1995.826923,2114.88,3062.3,1724.2,3535.3
1995.834615,2142.74,3080,1754.1,3519.6
1995.842308,2149.71,3057.9,1795.3,3510
1995.85,2182.11,3128.5,1814,3518.7
1995.857692,2169.69,3137.6,1832.1,3500.4
1995.865385,2174.27,3133.8,1857.4,3522.4
1995.873077,2182.47,3150.1,1852.6,3541.6
1995.880769,2195.15,3121.4,1838.2,3536.8
1995.888462,2196.64,3124.8,1875.2,3571.4
1995.896154,2196.59,3152.5,1890.5,3609.2
1995.903846,2201.9,3183.9,1872.9,3604.1
1995.911538,2197.26,3209.2,1867.1,3602.5
1995.919231,2247.97,3251,1889.8,3649
1995.926923,2249.75,3245.9,1857.3,3655.5
1995.934615,2266.56,3261.2,1820.9,3664.3
1995.942308,2269.34,3278.5,1814.9,3664.2
1995.95,2260.62,3245.7,1846.8,3639.5
1995.957692,2277.7,3261.6,1849.6,3652.1
1995.965385,2283.26,3273.4,1833.8,3662.4
1995.973077,2283.84,3289.8,1859.3,3642.6
1995.980769,2241.43,3217.7,1810.2,3576.9
1995.988462,2268.35,3255,1834.4,3633.3
1995.996154,2280.81,3277.9,1873.4,3658.3
1996.003846,2280.44,3317.1,1877,3676.4
1996.011538,2260.69,3297.7,1872,3689.3
1996.019231,2307.7,3297.7,1908.4,3687.9
1996.026923,2332.81,3395.8,1931.2,3714.1
1996.034615,2336.76,3368.1,1916.6,3720.6
1996.042308,2340.31,3314.8,1910.1,3671.5
1996.05,2353.89,3292.9,1907.6,3657.3
1996.057692,2379.43,3254.8,1952.1,3710.6
1996.065385,2389.62,3257.8,1960.1,3748.7
1996.073077,2391.74,3249.9,1954.4,3754.2
1996.080769,2436.68,3221.3,1946,3758.2
1996.088462,2449.71,3191.4,1966.7,3734.7
1996.096154,2456.09,3236.8,2003.1,3735.3
1996.103846,2472.53,3279.9,2024.1,3752.8
1996.111538,2416.84,3221.7,1985.6,3746.6
1996.119231,2442.43,3262.7,1983.3,3726.1
1996.126923,2435.07,3242.7,1960.7,3716.3
1996.134615,2436.09,3260.1,1983.3,3747.6
1996.142308,2426.51,3272.2,1964.2,3779.8
1996.15,2387.6,3270.6,1939.7,3744.3
1996.157692,2401.59,3253,1936.9,3725.6
1996.165385,2449.52,3296.2,1976.9,3740.3
1996.173077,2449.09,3309.9,1974.5,3715.9
1996.180769,2485.18,3354.8,1990.8,3727.6
1996.188462,2486.83,3400.6,2015.3,3768.6
1996.196154,2471.38,3408.3,2005.9,3758.9
1996.203846,2448.8,3549.7,1975.5,3710.3
1996.211538,2415.29,3540.5,1932.1,3639.5
1996.219231,2432.46,3578.4,1962.4,3681.8
1996.226923,2472.55,3583.6,1965,3669.6
1996.234615,2491.73,3611.1,1969.8,3685.4
1996.242308,2479.84,3647.7,1974.4,3707
1996.25,2505.78,3658.1,2008,3660.9
1996.257692,2502.94,3640.3,2020,3672.6
1996.265385,2500.75,3654.3,2055.6,3718.4
1996.273077,2489.52,3606.7,2064,3725.1
1996.280769,2498.75,3611.1,2075,3755.6
1996.288462,2510.81,3594.4,2081.7,3758.6
1996.296154,2508.12,3566.9,2072.5,3744.2
1996.303846,2540.79,3589.6,2080.6,3790.5
1996.311538,2519.82,3603.9,2075.1,3805.6
1996.319231,2535.86,3628.1,2092.5,3857.1
1996.326923,2549.12,3647.3,2112,3833
1996.334615,2538.68,3668.1,2116.4,3819.3
1996.342308,2505.97,3658.2,2130.8,3809.2
1996.35,2492.63,3651,2146.8,3806
1996.357692,2472.43,3611.2,2115.4,3751.6
1996.365385,2476.79,3583.6,2083.7,3723
1996.373077,2470.57,3521.6,2085.4,3728.3
1996.380769,2496.33,3557.8,2100.9,3739.2
1996.388462,2534.4,3572.5,2124.6,3776.2
1996.396154,2552.29,3593,2136.9,3789.6
1996.403846,2564.12,3587.3,2129.7,3789.4
1996.411538,2546.55,3547.4,2114.5,3747
1996.419231,2549.53,3572.2,2117.7,3752.1
1996.426923,2548.53,3558.2,2117.1,3775.7
1996.434615,2523.81,3556.1,2110.1,3747.8
1996.442308,2550.42,3568.1,2111,3755.2
1996.45,2559.02,3585.5,2133.2,3760.3
1996.457692,2552.96,3575.8,2120.8,3728.8
1996.465385,2569.9,3600.9,2137.3,3769.2
1996.473077,2544.9,3593.9,2111.8,3753.6
1996.480769,2554.12,3628.3,2107.9,3756.4
1996.488462,2532.22,3655.4,2077.1,3727.5
1996.496154,2562.19,3701.5,2097.6,3710.8
1996.503846,2572.06,3723.5,2113.3,3695.5
1996.511538,2570.44,3732.9,2123.7,3711
1996.519231,2565.32,3750.8,2111.8,3725.7
1996.526923,2578.74,3771.3,2126.8,3760.6
1996.534615,2561.51,3732.8,2079.1,3741.5
1996.542308,2573,3788,2081.9,3765.8
1996.55,2548.97,3785.8,2050.6,3728.3
1996.557692,2475.98,3678.1,1989.5,3632.3
1996.565385,2505.56,3649.2,2007.3,3693.4
1996.573077,2468.32,3566.1,1960.3,3681.3
1996.580769,2459.13,3482.6,1954.1,3668.8
1996.588462,2469.51,3537.8,1962.9,3673.3
1996.596154,2466.84,3518.2,1968.5,3668.5
1996.603846,2504.16,3494.4,2009.9,3734.4
1996.611538,2520.52,3623.3,2013.2,3788.3
1996.619231,2541.41,3662.6,1996.7,3811.1
1996.626923,2532.96,3643.2,1985.4,3810.7
1996.634615,2545.65,3630.2,1980.6,3823.4
1996.642308,2542.75,3646.3,1979.5,3837.4
1996.65,2556.25,3664.4,1986.2,3863.7
1996.657692,2534.44,3683.8,2000.6,3872.1
1996.665385,2562.12,3725.4,2020.8,3907.5
1996.673077,2563.59,3722.4,2018,3905.7
1996.680769,2548.84,3682.6,1977.6,3885
1996.688462,2538.34,3654.7,1977,3884.4
1996.696154,2526.18,3634.2,1984.8,3872.7
1996.703846,2542.74,3637.8,2004.8,3893
1996.711538,2568.77,3694.2,2042.1,3916.1
1996.719231,2588.04,3687.2,2065.4,3932.6
1996.726923,2630.24,3722.7,2086.2,3977.2
1996.734615,2621.2,3690.1,2072.7,3955.7
1996.742308,2641.5,3694.9,2079.5,3964.1
1996.75,2643.42,3661.2,2081.5,3910.5
1996.757692,2664.96,3699.5,2104.1,3933.2
1996.765385,2655.49,3736.4,2132.8,3953.7
1996.773077,2685.29,3760.2,2141.8,4015.1
1996.780769,2704.25,3771.6,2152.7,4024.8
1996.788462,2702.6,3818.1,2161.5,4035.6
1996.796154,2683.52,3797.3,2135.6,3994.7
1996.803846,2700.83,3813.7,2143.6,4038.7
1996.811538,2705.06,3790.2,2158.5,4024.4
1996.819231,2727.56,3803.3,2185.2,4053.1
1996.826923,2721.74,3775.3,2175.6,4057.2
1996.834615,2681.94,3753.6,2151.6,3999.4
1996.842308,2703.33,3763.5,2150.4,4025.3
1996.85,2664.72,3723.1,2124.8,3963.9
1996.857692,2670.19,3736.1,2140.5,3948.5
1996.865385,2716.16,3784.8,2187.3,3921.1
1996.873077,2724.25,3811.5,2211.8,3900.4
1996.880769,2730.44,3827.6,2205.2,3914.4
1996.888462,2770.61,3825.7,2217.2,3926.9
1996.896154,2800.6,3897.9,2240.3,3958.2
1996.903846,2781.54,3892.6,2240.1,3978.1
1996.911538,2765.29,3861.5,2233.6,3953.8
1996.919231,2800.52,3891.7,2277.1,4054.6
1996.926923,2793.86,3845.3,2270.8,4049.2
1996.934615,2848.84,3902.5,2315.7,4058
1996.942308,2900.76,3924.5,2349.1,4061.5
1996.95,2894.43,3913.8,2292.5,4051.2
1996.957692,2870.3,3874,2255.8,4011.6
1996.965385,2836.36,3857.6,2213.3,3982.5
1996.973077,2815.77,3839.3,2203.4,3972.4
1996.980769,2808.5,3850.4,2193.7,3979.6
1996.988462,2824.83,3880.8,2248.7,4051.3
1996.996154,2844.09,3875.5,2287.4,4087.2
1997.003846,2844.09,3869.8,2289.6,4092.5
1997.011538,2859.22,3922.2,2307,4091
1997.019231,2880.07,3942.2,2315.7,4118.5
1997.026923,2820.81,3942.2,2257,4057.4
1997.034615,2890.2,3923.8,2306.7,4106.5
1997.042308,2904.08,3944.9,2331.6,4087.5
1997.05,2915.81,3947.4,2327.5,4056.6
1997.057692,2978.84,3983.6,2402.1,4168.2
1997.065385,2996.12,4007.1,2407.8,4197.5
1997.073077,2999.19,4009.5,2406.1,4194
1997.080769,3026.63,4115.4,2442.5,4219.1
1997.088462,2982.63,4125.5,2430.3,4218.8
1997.096154,3028.27,4182.3,2482.8,4237.4
1997.103846,3018.58,4209.1,2503.1,4228.4
1997.111538,3064.7,4282.8,2508.6,4257.8
1997.119231,3114.73,4305.5,2541.3,4281.5
1997.126923,3161.36,4357.9,2597.5,4307.8
1997.134615,3191.45,4408.4,2582.1,4304.3
1997.142308,3256.86,4436.3,2628.4,4327.1
1997.15,3260.3,4514.6,2634.5,4337.8
1997.157692,3209.04,4525.5,2594.8,4357.4
1997.165385,3203.79,4522.5,2562.8,4336.8
1997.173077,3233.34,4503.9,2607.7,4344.7
1997.180769,3272.58,4519.7,2629.4,4339.2
1997.188462,3258.74,4460.1,2600.3,4307.1
1997.196154,3375.45,4547.1,2666.2,4360.1
1997.203846,3419.51,4638.9,2708.3,4420.3
1997.211538,3430.95,4677.1,2686.2,4444.3
1997.219231,3367.82,4609.9,2632.1,4397.7
1997.226923,3337.11,4556.5,2588.4,4373.3
1997.234615,3305.72,4535.1,2596.8,4332.2
1997.242308,3288.52,4491.3,2587.1,4254.8
1997.25,3374.93,4558.6,2624.3,4270.7
1997.257692,3407.83,4659.2,2656.7,4312.9
1997.265385,3407.83,4659.2,2656.7,4312.9
1997.273077,3210.94,4488.7,2530.3,4236.6
1997.280769,3235.35,4471.5,2518,4236.6
1997.288462,3328.13,4582.6,2579,4269.3
1997.296154,3352.58,4626.6,2608,4313.2
1997.303846,3297.52,4586.3,2566.1,4251.7
1997.311538,3347.54,4625.6,2621,4294.6
1997.319231,3361.2,4699.1,2547.6,4310.5
1997.326923,3348.9,4752.3,2514.7,4346.1
1997.334615,3396.49,4836.1,2539.8,4388.5
1997.342308,3372.96,4793.3,2550.3,4389.7
1997.35,3438.09,4897.6,2639.5,4436
1997.357692,3491.08,4953.5,2655.3,4455.6
1997.365385,3548.52,4988.4,2651.9,4519.3
1997.373077,3537.45,5016,2643.3,4580.4
1997.380769,3593.14,5042.5,2693.1,4669.6
1997.388462,3588.57,5134.3,2774.6,4686.9
1997.396154,3569.26,5157.5,2784.3,4693.9
1997.403846,3516.2,5081,2751.1,4607.5
1997.411538,3575.44,5176.4,2741.7,4651.8
1997.419231,3669.31,5196.7,2654.7,4661.8
1997.426923,3626.6,5133.1,2583.2,4677.5
1997.434615,3562.73,5041.6,2583.9,4621.3
1997.442308,3655.59,5207.2,2624.5,4557.8
1997.45,3684.6,5251.2,2690.9,4576.2
1997.457692,3668.61,5368.8,2686.2,4686.7
1997.465385,3671.87,5308.6,2696.2,4724.8
1997.473077,3752.37,5384.6,2808.5,4783.1
1997.480769,3721.18,5345.9,2762.6,4682.2
1997.488462,3777.56,5510.3,2739.7,4653.7
1997.496154,3748.79,5587.8,2762.2,4575.8
1997.503846,3819.52,5662.4,2867.4,4640
1997.511538,3809.92,5700.3,2891,4640.3
1997.519231,3834.84,5654.8,2944,4728.3
1997.526923,3939.73,5804.9,2937,4831.7
1997.534615,4003.35,5947,2947.7,4810.7
1997.542308,4026.97,5977.1,2950.6,4762.4
1997.55,4074.3,5801.5,2941.6,4799.5
1997.557692,4139.68,5844.7,2950.7,4899.3
1997.565385,4203.91,5868.3,2958.6,4949
1997.573077,4139.96,5620.5,2874.1,4805.7
1997.580769,4384.82,5869.9,3003.5,4874.5
1997.588462,4368.54,5847,3025.9,4851.5
1997.596154,4377.7,5842.1,3023.6,4876.6
1997.603846,4405.52,5898.2,3075.7,4907.5
1997.611538,4302.5,5771,2992.4,4895.7
1997.619231,4364.25,5812.1,3037.1,5026.2
1997.626923,4342.31,5864.8,2996.3,5031.3
1997.634615,4377.51,5808.4,2998.6,5075.8
1997.642308,4195.53,5579.5,2921.8,4991.3
1997.65,4080.55,5405.6,2870.1,4835
1997.657692,4251.93,5690.1,2979.3,4958.4
1997.665385,4090.14,5475.8,2904.2,4901.1
1997.673077,3993.7,5363.3,2869.3,4886.3
1997.680769,3897.43,5217.3,2828.4,4845.4
1997.688462,4001.81,5271.5,2805.8,4870.2
1997.696154,4062.13,5478.6,2918,4976.9
1997.703846,4073.71,5532.9,2924.5,4994.2
1997.711538,4104.57,5445.1,2919.7,4950.5
1997.719231,3890.24,5280.8,2843.6,4854.8
1997.726923,3869.53,5321.7,2898.6,4902.9
1997.734615,3970.44,5550.4,2944,5013.1
1997.742308,3983.06,5611,2977.2,5023.8
1997.75,4091.77,5730.4,2997.2,5027.5
1997.757692,4104.93,5667.1,3005.4,5065.5
1997.765385,4116.52,5691.8,2989,5220.3
1997.773077,4262.98,5754.7,3054.9,5317.1
1997.780769,4266.17,5929,3094,5330.8
1997.788462,4311.13,5846.9,3064.4,5305.6
1997.796154,4179.92,5732.2,2960.7,5217.8
1997.803846,4225.27,5792.8,3002.9,5300.1
1997.811538,4168.62,5815.9,2992.2,5263.7
1997.819231,4049.16,5751.6,2958,5271.1
1997.826923,4172.47,5862.9,2989.9,5225.9
1997.834615,3976.38,5651.8,2856.9,4991.5
1997.842308,3871.39,5533.5,2769.6,4840.7
1997.85,3806.66,5479,2818,4871.8
1997.857692,3753.66,5467.2,2739.3,4842.3
1997.865385,3784.8,5538.2,2774.9,4897.4
1997.873077,3813.88,5557.4,2781.8,4863.8
1997.880769,3728.37,5459.7,2707.1,4806.8
1997.888462,3697.48,5434,2694.5,4720.4
1997.896154,3676.65,5437,2698.9,4741.8
1997.903846,3844.14,5574.2,2782.6,4845.4
1997.911538,3931.81,5650.4,2821.2,4908.4
1997.919231,3832.1,5645.7,2802.5,4898.6
1997.926923,3926.93,5738.3,2811.7,4891.2
1997.934615,3972.08,5775.9,2854.4,4831.8
1997.942308,4096.4,5919.9,2913.1,4977.6
1997.95,4159.72,5969.5,2914.5,5082.3
1997.957692,4208.14,6095.3,2932.5,5187.4
1997.965385,4116.7,6056.6,2932.2,5130.7
1997.973077,4061.91,6018.7,2830.3,5045.2
1997.980769,4150.31,6092.7,2912.2,5203.4
1997.988462,4162.92,6115.1,2894.5,5168.3
1997.996154,4125.54,6049.3,2869.7,5018.2
1998.003846,4132.79,6046.7,2874.1,5013.9
1998.011538,4132.79,6046.7,2875.1,5013.9
1998.019231,4224.3,6267.6,2975.5,5132.3
1998.026923,4224.3,6265.5,2998.9,5135.5
1998.034615,4416.95,6397,3072.8,5262.5
1998.042308,4339.98,6390,3006.7,5224.1
1998.05,4237.75,6251.8,2919.8,5138.3
1998.057692,4150.01,6169.3,2902.9,5083.9
1998.065385,4140.22,6148.5,2932.8,5165.8
1998.073077,4290.05,6340.4,2987,5273.6
1998.080769,4250.47,6391.4,2998.1,5272.3
1998.088462,4222.16,6391,2966.2,5181.4
1998.096154,4316.05,6424,3052,5326.3
1998.103846,4444.53,6530.4,3133.8,5422.4
1998.111538,4529.88,6688,3187.5,5599
1998.119231,4509.25,6708.9,3166.3,5595.8
1998.126923,4536.91,6857.1,3216.7,5629.7
1998.134615,4558.62,6860.8,3235.8,5613.3
1998.142308,4509.37,6856,3178.7,5552.5
1998.15,4535.56,6905.3,3225.1,5619.9
1998.157692,4611.66,6966.2,3281.7,5723.4
1998.165385,4583.03,6986.7,3262.5,5718.5
1998.173077,4604.55,6945,3262.3,5651
1998.180769,4695.78,7118.6,3397,5764.8
1998.188462,4781.62,7273,3446.7,5820.6
1998.196154,4690.52,7130.5,3381.3,5733.1
1998.203846,4762.71,7197.2,3483.2,5782.9
1998.211538,4852.22,7246.5,3521.5,5828.5
1998.219231,4838.67,7267.9,3526.6,5794.8
1998.226923,4905.59,7261.2,3598.3,5785.1
1998.234615,4908.55,7132.4,3652.5,5903.6
1998.242308,5045.16,7300.5,3688.9,5956.3
1998.25,5064.35,7407.4,3738.5,5983.7
1998.257692,5029,7415.9,3783.8,5905.6
1998.265385,5069.89,7536.3,3800.2,5911.9
1998.273077,5135.35,7615.5,3883.3,6017.6
1998.280769,5254.32,7725.9,3932,6064.2
1998.288462,5309.67,7744.3,3903.3,6094
1998.296154,5312.25,7624.1,3894.5,6105.5
1998.303846,5312.25,7624.1,3894.5,6105.5
1998.311538,5359.24,7616.3,3884.6,6074.1
1998.319231,5326.63,7453.7,3861.6,5922.2
1998.326923,5373.8,7369.1,3860.4,5955
1998.334615,5262.57,7265.5,3822.1,5898.1
1998.342308,5002.71,7053.5,3689.4,5722.4
1998.35,5083.8,7241.8,3726.2,5833.1
1998.357692,5241.23,7401.4,3867.9,6011.3
1998.365385,5226.2,7596.2,3945.5,5986.5
1998.373077,5164.89,7536,3912.8,5938
1998.380769,5348.75,7677.5,4007.3,6028.3
1998.388462,5371.99,7582.8,4018.5,5972.9
1998.396154,5414.31,7519.4,3990.2,5917.8
1998.403846,5441,7483.2,3980.8,5877.8
1998.411538,5514.51,7495.8,4047.9,5935.6
1998.419231,5592.46,7657.1,4108.7,5955.6
1998.426923,5466.88,7633.5,4017.4,5870.2
1998.434615,5556.99,7656.1,4041.2,5870.7
1998.442308,5583.83,7657.5,4087,5842.3
1998.45,5605.38,7592.9,4119,5860.8
1998.457692,5787.05,7743.4,4204.6,6037.8
1998.465385,5799.22,7652.6,4208.6,5987.4
1998.473077,5631.34,7417.4,4050.8,5769.8
1998.480769,5621.71,7388.7,4013.3,5729.7
1998.488462,5689.89,7488,4052.3,5812.1
1998.496154,5648.11,7511.8,4018.6,5712.4
1998.503846,5784.4,7667.9,4126.3,5804.9
1998.511538,5870.49,7816.9,4215.7,5877.4
1998.519231,5841.83,7882,4203.5,5832.5
1998.526923,5905.15,8047.3,4252.1,5960.2
1998.534615,5942.06,8166,4311.1,5990.3
1998.542308,6018.89,8227.2,4339.9,6009.6
1998.55,6001.24,8192.4,4256.4,5927.9
1998.557692,6101.9,8180.5,4256.4,6100.2
1998.565385,6108,8126.5,4358.1,6116.8
1998.573077,6186.09,8400.8,4368.9,6179
1998.580769,6081.11,8340.7,4220.1,5989.6
1998.588462,6040.58,8205.7,4205.4,5892.3
1998.596154,5867.52,8093,4122.4,5835.8
1998.603846,5906.33,8205.5,4197.6,5910.7
1998.611538,5774.38,8139.2,4095,5809.7
1998.619231,5614.77,7943.2,3976.4,5632.5
1998.626923,5598.32,7952.9,4041.9,5680.4
1998.634615,5285.78,7447.9,3846,5432.8
1998.642308,5355.03,7552.6,3951.7,5399.5